use Traffic;

-- Person
INSERT INTO Person VALUES
(54612314264789,'Mirna', 'Ahmed', 'doctor','egyptian','nasr city', 'A','2000-1-5'),
(54614264568965,'Mohamed', 'Hussein', 'engineer','egyptian','sheraton', 'B','2002-10-2'),
(84639317481732,'Youssef', 'Nagy', 'teacher','egyptian','Giza', 'AB','2001-3-4'),
(71049174517567,'Yahya', 'Tarek', 'driver','egyptian','nasr city', 'B','1999-5-13'),
(34521436478965,'Fatma', 'Amr', 'doctor','egyptian','sheraton', 'O','2000-4-5'),
(54621426497665,'Gamal', 'Anwar', 'accountant','egyptian','new cairo', 'A-','2003-1-4'),
(42456985231453,'Medhat', 'Ayman', 'engineer','egyptian','rehab', 'AB+','2000-12-4'),
(32442647896512,'Sammy', 'Adel', 'doctor','egyptian','nasr city', 'AB','2003-1-4'),
(52351426758965,'Aya', 'Said', 'doctor','egyptian','new cairo', 'O+','2001-3-5'),
(12142363254782,'Nada', 'Ismail', 'teacher','egyptian','nasr city', 'B','1998-11-2');


-- Vehicle
INSERT INTO Vehicle VALUES
(11423586,'RED',2004,46524782,4000,'AUDI','SEDAN','Q4',54612314264789),
(16348975,'BLACK',2010,46524712,6000,'CHEV','SEDAN','CAMARO',54614264568965),
(56325745,'RED',2004,46512444,8000,'BMW','SEDAN','X6',84639317481732),
(96325631,'BLUE',2003,13524782,1600,'HYUNDAI','SEDAN','VERNA',71049174517567),
(55321463,'RED',2004,52324782,1500,'CHEV','SEDAN','AVEO',34521436478965),
(96314258,'RED',2010,45224782,2000,'KIA','SUV','SPORTAGE',54621426497665),
(41231452,'BLACK',2003,67524782,4000,'HYUNDAI','SEDAN','ELANTRA',42456985231453),
(99896356,'GREY',2001,64524782,8000,'AUDI','SEDAN','Q4',71049174517567),
(41214632,'RED',2008,65247123,6000,'AUDI','SEDAN','Q4',54612314264789),
(85856962,'GREY',2007,7524781,1600,'NISSAN','SEDAN','SUNNY',34521436478965),
(12143574,'RED',2004,86524734,1500,'BYD','SEDAN','F3',71049174517567),
(88586544,'BLACK',2004,16523472,4000,'AUDI','SUV','Q4',84639317481732);

-- Vehicle_license
INSERT INTO Vehicle_license VALUES
(454752136512,'CAIRO','2001-1-3','2023-3-1',11423586),
(454752324512,'ALEX','2018-1-5','2026-5-1',16348975),
(452147874123,'ASWAN','2015-1-4','2025-4-1',56325745),
(985471284214,'CAIRO','2016-2-2','2024-1-5',96325631),
(748542468962,'CAIRO','2013-1-2','2027-5-1',55321463),
(875674389876,'CAIRO','2013-1-8','2023-5-21',96314258),
(474125493214,'ISMAILIA','2013-1-2','2025-4-6',41231452),
(142358421598,'PORT SAID','2013-5-1','2023-12-1',85856962),
(841244753641,'CAIRO','2013-1-3','2027-5-1',12143574),
(141247853241,'GIZA','2013-8-13','2026-11-3',88586544),
(475128412474,'CAIRO','2013-5-9','2023-5-6',99896356),
(321415425741,'ALEX','2013-12-12','2025-12-12',41214632);

-- Driver_license
INSERT INTO Driver_license VALUES
(1, 54612314264789, 'CAIRO', '2001-1-3', '2023-3-1'),
(2, 54614264568965, 'ALEX', '2018-1-5', '2025-6-4'),
(1, 84639317481732, 'GIZA', '2013-12-12', '2025-2-6'),
(3, 71049174517567, 'SHERATON', '2006-3-3', '2023-3-11'),
(3, 34521436478965, 'ISMAILIA', '2002-6-2', '2023-2-1'),
(2, 54612314264789, 'ASWAN', '2012-1-12', '2024-2-11'),
(2, 32442647896512, 'CAIRO', '2015-2-22', '2025-12-3'),
(3, 32442647896512, 'CAIRO', '2020-5-3', '2027-6-12'),
(1, 12142363254782, 'ALEX', '2021-12-6', '2026-5-2'),
(1, 34521436478965, 'CAIRO', '2011-8-16', '2023-12-3'),
(2, 71049174517567, 'GIZA', '2012-5-25', '2025-2-3'),
(1, 71049174517567, 'CAIRO', '2013-3-4', '2026-3-2');


-- Person_phones
INSERT INTO person_phones values
(12142363254782, 38143437632),
(52351426758965, 68150641500),
(12142363254782, 59175757910),
(71049174517567, 93517829886),
(42456985231453, 65788505601),
(84639317481732, 71744344016),
(54612314264789, 54750390631),
(54614264568965, 89871050628),
(34521436478965, 41294210008),
(34521436478965, 83094908286),
(54621426497665, 75689295705),
(32442647896512, 20499500620);


-- violation_type
INSERT INTO violation_type values
('seatbelt', 2000),
('distraction', 5000),
('speed', 6000),
('parking', 2000),
('damage', 6000);



-- Violation
INSERT INTO Violation values
('CAIRO', '10:32', '2022-2-1', 454752136512, 'seatbelt'),
('ALEX', '09:12', '2022-3-11', 454752324512, 'parking'),
('CAIRO', '03:05', '2022-6-13', 452147874123, 'distraction'),
('GIZA', '20:56', '2022-6-15', 985471284214, 'damage'),
('CAIRO', '10:40', '2022-7-4', 748542468962, 'speed'),
('ISMAILIA', '02:25', '2022-7-13', 841244753641, 'seatbelt'),
('PORT SAID', '14:32', '2022-7-20', 748542468962, 'parking'),
('CAIRO', '16:45', '2022-8-19', 321415425741, 'speed'),
('GIZA', '10:04', '2022-8-28', 142358421598, 'parking'),
('CAIRO', '05:55', '2022-9-5', 454752136512, 'seatbelt'),
('ALEX', '02:31', '2022-9-15', 875674389876, 'damage');

-- Drive_test
INSERT INTO Drive_test(region) values
('CAIRO'),
('ALEX'),
('ISMAILIA'),
('GIZA'),
('PORT SAID'),
('ALEX'),
('CAIRO'),
('ISMAILIA'),
('CAIRO'),
('CAIRO');


-- test_applicants
INSERT INTO test_applicants values
(54612314264789, 1, 2, 'succeeded'),
(54614264568965, 1, 3, 'failed'),
(84639317481732, 2, 2, 'succeeded'),
(54612314264789, 2, 3, 'succeeded'),
(42456985231453, 4, 1, 'failed'),
(32442647896512, 6, 2, 'succeeded'),
(12142363254782, 7, 2, 'failed'),
(34521436478965, 9, 1, 'failed'),
(12142363254782, 10, 2, 'succeeded'),
(52351426758965, 5, 3, 'succeeded'),
(71049174517567, 10, 3, 'succeeded'),
(71049174517567, 1, 2, 'succeeded');